"Country4","Hemisphere","Prevalence","Country_cfr","Country_prev","Region","Latitude","Population","Cases_31MR","Deaths_31MR","Cases_30JN","Deaths_30JN","Cases_30S","Deaths_30S","GDP_PC","EDR","Density","vitd","Jan","Feb","Mar","Apr","May","June","July","Aug","Sept"
"Afghanistan","N",8112,"Afghanistan (2.4)","Afghanistan (8112)","South Asia",33.93911,"3883896",175,4,31507,752,39268,1460,"509.22",75.3,"56.94",12.48,177.2,178.6,204.5,232.5,310.3,353.4,356.8,339.7,303.9
"Albania","N",881,"Albania (2.4)","Albania (881)","Europe & Central Asia",41.1533,"2878078",243,15,2535,62,13649,387,"4124.06",25.3,"104.61",NA,124,125,165,191,263,298,354,327,264
"Algeria","N",318,"Algeria (6.6)","Algeria (318)","Middle East & North Africa",28.0339,"43772270",716,44,13907,912,51530,1736,"3945.48",49.3,"17.73",24.2,223.3,220.25,262.2,292.5,323.8,312,353.25,325.35,262.5
"Andorra","N",11067,"Andorra (6.1)","Andorra (11067)","Europe & Central Asia",42.5063,"77254",376,12,855,52,2050,53,"37474.67",NA,"163.84",NA,NA,NA,NA,NA,NA,NA,NA,NA,NA
"Angola","S",9,"Angola (4.6)","Angola (9)","Sub-Saharan Africa",-11.2027,"32757041",7,2,284,13,4972,183,"3506.07",90.2,"24.71",NA,219,208,213,199,233,223,175,150,145
"Antigua and Barb.","N",705,"Antigua and Barb. (4.3)","Antigua and Barb. (705)","Latin America & Caribbean",17.0608,"97853",7,0,69,3,101,3,"15197.62",31.8,"218.83",NA,NA,NA,NA,NA,NA,NA,NA,NA,NA
"Argentina","S",1429,"Argentina (2)","Argentina (1429)","Latin America & Caribbean",-38.4161,"45156510",1054,27,64530,1307,751001,16937,"12790.24",38.1,"16.26",44.7,238.25,207.0666667,185.05,170.6166667,151.4666667,123.3833333,138.6166667,170.4,174.6
"Armenia","N",8621,"Armenia (1.7)","Armenia (8621)","Europe & Central Asia",40.0691,"2962740",532,3,25542,443,50359,959,"3591.83",30.9,"103.68",NA,93,108,162,177,242,297,343,332,278
"Australia","S",311,"Australia (1.3)","Australia (311)","East Asia & Pacific",-32.106275,"25471489",4559,18,7920,104,27096,888,"49971.13",29.9,"3.25",62.9,274.7666667,239.3666667,243.6333333,224,203.3222222,181.7333333,203.1444444,231.0888889,236.8222222
"Austria","N",1974,"Austria (4)","Austria (1974)","Europe & Central Asia",47.5162,"9001628",10180,128,17766,705,44813,799,"45276.83",21.7,"107.13",NA,66,106,128,183,239,228,260,251,168
"Azerbaijan","N",1730,"Azerbaijan (1.2)","Azerbaijan (1730)","Europe & Central Asia",40.1431,"10130533",298,5,17524,213,40229,591,"3880.74",33.7,"120.23",NA,89.9,89,124,195,257.3,294,313.1,282.1,222
"Bahamas","N",265,"Bahamas (10.6)","Bahamas (265)","Latin America & Caribbean",25.025885,"392887",14,0,104,11,4123,96,"31562.64",30.6,"38.53",NA,NA,NA,NA,NA,NA,NA,NA,NA,NA
"Bahrain","N",15785,"Bahrain (0.3)","Bahrain (15785)","Middle East & North Africa",26.0275,"1695130",567,4,26758,87,70864,251,"22608.48",23.1,"2017.27",NA,NA,NA,NA,NA,NA,NA,NA,NA,NA
"Bangladesh","N",884,"Bangladesh (1.3)","Bangladesh (884)","South Asia",23.685,"164533357",51,5,145483,1847,363479,5251,"1401.62",39.3,"1239.58",30.2,279,226,217,180,155,90,62,62,90
"Barbados","N",338,"Barbados (7.2)","Barbados (338)","Latin America & Caribbean",13.1939,"287343",34,0,97,7,190,7,"16900.17",25.2,"666.61",NA,NA,NA,NA,NA,NA,NA,NA,NA,NA
"Belarus","N",6574,"Belarus (0.6)","Belarus (6574)","Europe & Central Asia",53.7098,"9449602",152,1,62118,392,78631,833,"5022.63",25.7,"46.72",64.4,34,72,133,185,270,267,271,251,154
"Belgium","N",5302,"Belgium (15.9)","Belgium (5302)","Europe & Central Asia",50.8333,"11584977",12775,705,61427,9747,118452,10016,"41984.1",26.7,"377.38",49.3,59,77,114,159,191,188,201,190,143
"Benin","N",99,"Benin (1.8)","Benin (99)","Sub-Saharan Africa",9.3077,"12090168",9,0,1199,21,2357,41,"1087.29",76.6,"101.85",NA,251.3,236.8666667,245.2,234.6666667,241.9,195.3333333,164.2,149.3666667,169
"Bhutan","N",100,"Bhutan (0)","Bhutan (100)","South Asia",27.5142,"770795",4,0,77,0,282,0,"2930.56",36.1,"19.78",NA,NA,NA,NA,NA,NA,NA,NA,NA,NA
"Bolivia","S",2850,"Bolivia (3.4)","Bolivia (2850)","Latin America & Caribbean",-16.2902,"11657564",107,6,33219,1123,135311,7965,"3076.66",48.5,"10.48",NA,182.9,152.6,148.8,165,222.7,240,235.6,217,189
"Bosnia and Herz.","N",1357,"Bosnia and Herz. (4.2)","Bosnia and Herz. (1357)","Europe & Central Asia",43.9159,"3282587",420,13,4453,186,27469,856,"4994.68",21.5,"64.92",NA,57,84,126,152,192,207,256,238,187
"Brazil","S",6600,"Brazil (4.3)","Brazil (6600)","Latin America & Caribbean",-14.235,"212418030",5717,201,1402041,59594,4810935,143952,"8710.1",29.7,"25.06",81.3,184,163.8571429,168.1857143,163.8714286,183.5857143,185.7714286,204.2142857,209.2285714,180.5714286
"Brunei","N",323,"Brunei (2.1)","Brunei (323)","East Asia & Pacific",4.5353,"437082",129,1,141,3,146,3,"27157.82",31,"81.4",NA,NA,NA,NA,NA,NA,NA,NA,NA,NA
"Bulgaria","N",718,"Bulgaria (4.6)","Bulgaria (718)","Europe & Central Asia",42.7339,"6952943",399,8,4989,230,20833,825,"7548.86",23,"64.71",NA,88,114,160,182,230,258,302,288,220
"Burkina Faso","N",46,"Burkina Faso (5.5)","Burkina Faso (46)","Sub-Saharan Africa",12.2383,"20843247",261,14,962,53,2056,58,"688.25",83.4,"72.19",NA,289,265,272,262,280.5,268,249,238,239
"Cape Verde","N",2209,"Cape Verde (1.2)","Cape Verde (2209)","Sub-Saharan Africa",16.5388,"555410",6,1,1227,15,6024,60,"3130.96",41.8,"134.93",NA,NA,NA,NA,NA,NA,NA,NA,NA,NA
"Cambodia","N",8,"Cambodia (0)","Cambodia (8)","East Asia & Pacific",11.55,"16696479",109,0,141,0,277,0,"1269.59",48.2,"92.06",NA,NA,NA,NA,NA,NA,NA,NA,NA,NA
"Cameroon","N",476,"Cameroon (2.5)","Cameroon (476)","Sub-Saharan Africa",3.848,"26477611",193,6,12592,313,20838,418,"1364.33",76.2,"53.34",52.7,230.6,215.575,203.625,191.975,194.775,152.275,115.5,111,129.875
"Canada","N",2813,"Canada (8.2)","Canada (2813)","North America",45.61112857,"37710897",8527,101,106097,8650,161107,9346,"42322.48",23.9,"4.08",86.1,81.98888889,116.4111111,167.6,211.3333333,235.8222222,252.0555556,281.9333333,247.2888889,167.8333333
"Central African Republic","N",803,"Central African Republic (1.3)","Central African Republic (803)","Sub-Saharan Africa",6.6111,"4,666,368",3,0,3745,47,4829,62,"402.19",81,"7.49",NA,253.3,235.5,228.3,214.05,220.85,198.45,157.35,155.25,180
"Chad","N",53,"Chad (8.5)","Chad (53)","Sub-Saharan Africa",15.4542,"16376161",7,0,866,74,1200,85,"693.45",91.1,"12.29",NA,306.9,284.2,291.4,286.5,299.15,279,234.05,213.9,244.5
"Chile","S",14627,"Chile (2)","Chile (14627)","Latin America & Caribbean",-35.6751,"19100718",2844,12,279393,5688,462991,12741,"13753.59",28.1,"25.19",75.4,326.74,281.04,269.24,215.8,178.5,156.6,170.88,188.64,206.8
"China","N",59,"China (5.5)","China (59)","East Asia & Pacific",32.88764545,"1439323776",82279,3309,84785,4641,90545,4739,"8147.94",25.2,"148.35",56.16,135.94,121.0333333,138.8,159.1466667,187.0466667,182.3333333,219.8466667,214.0933333,186.76
"Colombia","N",1925,"Colombia (3.4)","Colombia (1925)","Latin America & Caribbean",4.5709,"50831115",906,16,97846,3334,829679,25998,"5870.78",32.3,"44.76",73.1,199.375,169.45,167.175,141.475,139,153.525,181.025,172.925,146.45
"Congo","S",197,"Congo (3.4)","Congo (197)","Sub-Saharan Africa",-0.228,"5,504,079",19,0,1087,37,5089,89,"471.32",90,"37.08",NA,NA,NA,NA,NA,NA,NA,NA,NA,NA
"Dem. Rep. Congo","S",1279,"Dem. Rep. Congo (2.4)","Dem. Rep. Congo (1279)","Sub-Saharan Africa",-4.0383,"5,504,079",98,8,7039,170,10659,272,"2074.97",NA,"15.36",NA,126.5,130,164.5,192,223,207.5,219.5,236.5,207
"Costa Rica","N",680,"Costa Rica (0.5)","Costa Rica (680)","Latin America & Caribbean",9.7489,"5089715",347,2,3459,16,75760,904,"11666.46",30.2,"97.91",NA,NA,NA,NA,NA,NA,NA,NA,NA,NA
"Côte d'Ivoire","N",361,"Cote d'Ivoire (0.7)","Cote d'Ivoire (361)","Sub-Saharan Africa",7.54,"26310853",179,1,9499,68,19724,120,"2013.38",74.6,"78.83",77.4,233.8,219.24,224.86,207.94,218.76,166.76,140.9,122.5,144.48
"Croatia","N",676,"Croatia (3.9)","Croatia (676)","Europe & Central Asia",45.1,"4107462",867,6,2777,107,16593,280,"12361.48",22.6,"73.05",46.9,59,96,140,175,234,244,281,256,187
"Cuba","N",207,"Cuba (3.7)","Cuba (207)","Latin America & Caribbean",21.521757,"11327235",186,6,2341,86,5597,122,"8060.8",23.3,"109",NA,NA,NA,NA,NA,NA,NA,NA,NA,NA
"Cyprus","N",827,"Cyprus (1.9)","Cyprus (827)","Europe & Central Asia",35.1264,"1206536",262,8,998,19,1755,22,"24532.52",24,"128.71",NA,182.9,200.1,238.7,267,331.7,369,387.5,365.8,312
"Czechia","N",1116,"Czechia (2.9)","Czechia (1116)","Europe & Central Asia",49.8175,"10707177",3308,31,11954,349,70763,655,"18575.23",24.6,"137.66",62.5,50,72,125,168,214,218,226,212,161
"Denmark","N",2240,"Denmark (4.7)","Denmark (2240)","Europe & Central Asia",59.07825,"5790332",3039,90,12968,605,28479,650,"54664",25.6,"137.98",65,48,61.5,147,212.5,240,239,242.5,190.5,158.5
"Djibouti","N",4746,"Djibouti (1.2)","Djibouti (4746)","Middle East & North Africa",11.8251,"986598",30,0,4682,54,5416,61,"2802.2",43.6,"41.37",NA,254,249,279,279,310,237,236,276,282
"Dominican Rep.","N",3005,"Dominican Rep. (2.3)","Dominican Rep. (3005)","Latin America & Caribbean",18.7357,"10837562",1109,51,32568,747,112209,2105,"7280.88",42.2,"219.98",NA,NA,NA,NA,NA,NA,NA,NA,NA,NA
"Ecuador","S",3203,"Ecuador (8)","Ecuador (3203)","Latin America & Caribbean",-1.8312,"17616823",2240,75,56432,4527,137047,11355,"6060.09",42.1,"68.79",NA,149.65,120.85,130.75,143,165.7,156,188.05,194.65,170
"Egypt","N",669,"Egypt (4.3)","Egypt (669)","Middle East & North Africa",26.820553,"102141537",710,46,68311,2953,103198,5930,"3519.87",55.8,"98.87",74.1,257.12,260.28,291.7,310.92,343.1,364.8,376.74,358.98,323.72
"El Salvador","N",993,"El Salvador (2.7)","El Salvador (993)","Latin America & Caribbean",13.7942,"6483178",32,1,6438,174,29077,843,"3805.99",41.1,"309.88",NA,301,277,294,243,220,174,239,257,180
"Eq. Guinea","N",1431,"Eq. Guinea (1.6)","Eq. Guinea (1431)","Sub-Saharan Africa",1.6508,"1398014",12,0,2001,32,5030,83,"9250.33",60.5,"46.67",NA,175.15,172.3,141.05,148.5,153.45,108,94.55,100.75,81
"Eritrea","N",57,"Eritrea (0)","Eritrea (57)","Sub-Saharan Africa",15.1794,"3541651",15,0,203,0,375,0,"0",75.6,"0",NA,304.7,289.1,300.7,300.5,298.5,271.5,217.9,220.1,260.4
"Estonia","N",1499,"Estonia (3.5)","Estonia (1499)","Europe & Central Asia",58.5953,"1326455",745,4,1989,69,3371,64,"18437.25",26.1,"30.41",43.7,25,56,129,203,293,286,307,241,152
"Swaziland","S",701,"Swaziland (1.4)","Swaziland (701)","Sub-Saharan Africa",-26.5225,"1159019",9,0,812,11,5482,109,"3425.56",64,"66.06",NA,NA,NA,NA,NA,NA,NA,NA,NA,NA
"Ethiopia","N",51,"Ethiopia (1.8)","Ethiopia (51)","Sub-Saharan Africa",9.145,"114669653",26,0,5846,103,75368,1198,"717.12",70.6,"109.22",46.5,281.95,261.6,263.95,245.1,260.1,193.05,116.85,125.1,193.35
"Fiji","S",20,"Fiji (0)","Fiji (20)","East Asia & Pacific",-17.7134,"895837",5,0,18,0,32,2,"5651.32",44.5,"48.36",75.9,192.2,178,170.5,153,145.7,141,136.4,142.6,135
"Finland","N",1302,"Finland (4.5)","Finland (1302)","Europe & Central Asia",61.92411,"5539940",1418,17,7214,328,9992,344,"43784.28",25.8,"18.15",67.7,38,70,138,194,284,297,291,238,150
"France","N",3130,"France (14.6)","France (3130)","Europe & Central Asia",8.308854091,"65260368",52278,3526,204244,29846,605893,31978,"37037.37",28.7,"122.3",60,106.5,117.5,172,205.5,243.5,264,289,269.5,211
"Gabon","S",2429,"Gabon (0.8)","Gabon (2429)","Sub-Saharan Africa",-0.8037,"2220348",16,1,5394,42,8766,54,"6984.45",62.9,"8.22",110,162.8,168.8,165.7,164.15,153.65,143.45,141.15,112.85,110.8
"Gambia","N",20,"Gambia (4.1)","Gambia (20)","Sub-Saharan Africa",13.4432,"2409532",4,1,49,2,3579,112,"690.78",82.1,"225.31",60.6,279,282,310,300,310,270,186,186,180
"Georgia","N",233,"Georgia (1.6)","Georgia (233)","Europe & Central Asia",42.3154,"3989847",110,0,928,15,6192,39,"4062.17",31.3,"65.2",NA,99,102,142,171,213,249,256,248,206
"Germany","N",2333,"Germany (4.6)","Germany (2333)","Europe & Central Asia",51.165691,"83759426",71808,775,195418,8990,292913,9495,"42107.52",21.7,"237.31",50.1,48.5,77,121,168.5,215.5,220.5,225,215,156
"Ghana","N",572,"Ghana (0.6)","Ghana (572)","Sub-Saharan Africa",7.9465,"31007405",161,5,17741,112,46626,301,"1931.39",62.2,"130.82",74.1,223.0666667,216.3,224,214.3333333,223.2333333,169.4333333,142.5666667,123.6666667,149.0666667
"Greece","N",327,"Greece (5.6)","Greece (327)","Europe & Central Asia",39.0742,"10427500",1314,49,3409,192,18475,391,"18116.46",21.3,"83.27",47.3,157,163.5,198.5,232.5,311.5,357.5,384.5,364,280
"Guatemala","N",1012,"Guatemala (4.3)","Guatemala (1012)","Latin America & Caribbean",15.7835,"17882519",38,1,18096,773,91746,3246,"4173.3",54.1,"152.55",53.4,NA,NA,NA,NA,NA,NA,NA,NA,NA
"Guinea","N",412,"Guinea (0.6)","Guinea (412)","Sub-Saharan Africa",9.9456,"13095550",22,0,5391,33,10652,66,"732.29",79.7,"50.52",NA,242.5,230,250,221,221,184.5,139,123,163
"Guyana","N",312,"Guyana (4.9)","Guyana (312)","Latin America & Caribbean",4.860416,"786201",12,2,245,12,2894,80,"5811.38",42.5,"3.96",NA,201,208.6,219.7,197.9,178.8,156.7,201.6,233.7,229.8
"Haiti","N",525,"Haiti (1.8)","Haiti (525)","Latin America & Caribbean",18.9712,"11389143",15,0,5975,105,8766,229,"1265.99",52.1,"403.6",NA,NA,NA,NA,NA,NA,NA,NA,NA,NA
"Vatican","N",14981,"Vatican (0)","Vatican (14981)","Europe & Central Asia",41.9029,"801",6,0,12,0,12,0,"#NAME?",NA,"#NAME?",NA,NA,NA,NA,NA,NA,NA,NA,NA,NA
"Honduras","N",1978,"Honduras (2.5)","Honduras (1978)","Latin America & Caribbean",15.2,"9889121",141,7,19558,497,76900,2353,"2342.58",47.5,"85.69",NA,170.5,192.1,217,234,213.9,192,201.5,217,174
"Hungary","N",430,"Hungary (14.1)","Hungary (430)","Europe & Central Asia",47.1625,"9662523",492,16,4155,585,26461,765,"13090.51",22,"107.98",48.4,62,93,137,177,234,250,271,255,187
"Iceland","N",5348,"Iceland (0.5)","Iceland (5348)","Europe & Central Asia",64.9631,"341036",1135,2,1824,10,2728,10,"61466.8",29.9,"3.52",57,20,60,109,164,201,174,168,155,120
"India","N",425,"India (3)","India (425)","South Asia",20.593684,"1378715135",1397,35,585481,17400,6312584,98678,"1732.56",38.9,"454.94",67.4,237.5,230.725,252.55,259.275,256.85,151.3,111.1,117.95,161.075
"Indonesia","S",206,"Indonesia (5.1)","Indonesia (206)","East Asia & Pacific",-0.7893,"273247624",1528,136,56385,2876,287008,10740,"3562.85",38.3,"147.75",NA,189.1,180.8,238.7,255,260.4,255,282.1,294.5,300.7
"Iran","N",2714,"Iran (4.8)","Iran (2714)","Middle East & North Africa",32.427908,"83889077",44605,2898,227662,10817,457219,26169,"5253.42",36,"50.22",45,137.2,151.1,186,219.1,279.8,328.7,336.6,336.8,300.5
"Iraq","N",1224,"Iraq (4)","Iraq (1224)","Middle East & North Africa",33.223191,"40130509",694,50,49109,1943,362981,9181,"4777.2",64.1,"88.53",NA,192.2,203.3,244.9,255,300.7,348,347.2,353.4,315
"Ireland","N",5164,"Ireland (6.8)","Ireland (5164)","Europe & Central Asia",53.1424,"4932505",3235,71,25473,1736,36155,1804,"63197.08",32.3,"70.65",56.4,59,75,109,160,195,179,164,157,129
"Israel","N",2766,"Israel (1.3)","Israel (2766)","Middle East & North Africa",31.046051,"9197590",5717,21,25438,327,247411,1604,"37321.62",46.6,"410.48",51.9,192.2,200.1,235.6,270,328.6,357,368.9,356.5,300
"Italy","N",3978,"Italy (14.5)","Italy (3978)","Europe & Central Asia",41.87194,"60469746",105792,12428,240578,34767,314861,35894,"30939.71",20.4,"205.42",45,90,114.5,159.5,189,237.5,264,308.5,274.5,211.5
"Jamaica","N",237,"Jamaica (1.4)","Jamaica (237)","Latin America & Caribbean",18.1096,"2959976",36,1,702,10,6482,107,"4843.34",34.6,"270.99",NA,NA,NA,NA,NA,NA,NA,NA,NA,NA
"Japan","N",147,"Japan (5.2)","Japan (147)","East Asia & Pacific",36.204824,"126510637",2255,67,18615,972,83591,1575,"38761.82",21,"347.07",63.9,138.5,134.9,154.85,176.7,183.1,156.6,155.65,170,140.7
"Jordan","N",111,"Jordan (0.8)","Jordan (111)","Middle East & North Africa",31.24,"10193504",274,5,1132,9,11825,61,"4176.59",52,"112.14",27.5,NA,NA,NA,NA,NA,NA,NA,NA,NA
"Kazakhstan","N",1189,"Kazakhstan (0.8)","Kazakhstan (1189)","Europe & Central Asia",48.0196,"18755108",343,2,22308,188,140707,2078,"7714.84",46.3,"6.77",NA,110.5,133,169.5,216,271,308,321,294,237.5
"Kenya","S",119,"Kenya (2.3)","Kenya (119)","Sub-Saharan Africa",-0.0236,"53650862",59,1,6366,148,38529,711,"1410.53",65.5,"90.3",70.3,282.025,259.575,270.45,245.25,245.7,229.5,218.55,234.825,254.25
"South Korea","N",251,"South Korea (2.2)","South Korea (251)","East Asia & Pacific",35.907757,"51265201",9786,162,12850,282,23889,415,"29288.87",17.5,"529.36",45.7,199,182.5,193,210,221.7,179.7,165.8,200.9,167.2
"Kuwait","N",10833,"Kuwait (0.8)","Kuwait (10833)","Middle East & North Africa",29.31166,"4264401",289,0,46195,354,105182,610,"27653.07",28.4,"232.17",30,NA,NA,NA,NA,NA,NA,NA,NA,NA
"Kyrgyzstan","N",845,"Kyrgyzstan (1.1)","Kyrgyzstan (845)","Middle East & North Africa",41.20438,"6513579",107,0,5506,61,46669,1064,"#NAME?",52.1,"#NAME?",NA,NA,NA,NA,NA,NA,NA,NA,NA,NA
"Latvia","N",592,"Latvia (2.7)","Latvia (592)","Europe & Central Asia",56.8796,"1887954",398,0,1118,30,1824,37,"14315.79",26.1,"30.99",NA,31,62,127,183,264,288,264,229,153
"Lebanon","N",260,"Lebanon (1.9)","Lebanon (260)","Middle East & North Africa",33.8547,"6828121",470,12,1778,34,39634,367,"7629.89",37.2,"669.49",25.7,NA,NA,NA,NA,NA,NA,NA,NA,NA
"Liberia","N",155,"Liberia (4.6)","Liberia (155)","Sub-Saharan Africa",6.428055,"5045496",3,0,780,36,1343,82,"714.62",71.7,"50.03",NA,NA,NA,NA,NA,NA,NA,NA,NA,NA
"Liechtenstein","N",2151,"Liechtenstein (1.2)","Liechtenstein (2151)","Europe & Central Asia",47.14,"38118",68,0,82,1,118,1,"165629.19",NA,"236.94",NA,NA,NA,NA,NA,NA,NA,NA,NA,NA
"Lithuania","N",667,"Lithuania (4.3)","Lithuania (667)","Europe & Central Asia",55.1694,"2725434",537,8,1817,78,4693,92,"14998.13",24.2,"44.72",NA,32,57,121,179,252,246,260,237,154
"Luxembourg","N",6879,"Luxembourg (2.6)","Luxembourg (6879)","Europe & Central Asia",49.8153,"624975",2178,23,4299,110,8509,124,"104278.39",22.2,"250.19",NA,43,82,118,165,208,210,232.5,208,159
"Madagascar","S",80,"Madagascar (0.9)","Madagascar (80)","Sub-Saharan Africa",-18.766947,"27617161",57,0,2214,20,16408,230,"475.96",70.5,"45.14",NA,221.5833333,197.85,220.2,238.4166667,248.7666667,225.15,232.6333333,249.2333333,264.5
"Malaysia","N",267,"Malaysia (1.4)","Malaysia (267)","East Asia & Pacific",4.210484,"32325930",2766,43,8639,121,11224,136,"9817.74",33.8,"95.96",44.4,NA,NA,NA,NA,NA,NA,NA,NA,NA
"Maldives","N",4375,"Maldives (0.4)","Maldives (4375)","South Asia",3.2028,"539599",18,0,2361,9,10291,34,"9209.24",25.5,"1718.99",NA,NA,NA,NA,NA,NA,NA,NA,NA,NA
"Malta","N",1518,"Malta (1.3)","Malta (1518)","Middle East & North Africa",35.9375,"441436",169,0,670,9,3058,35,"25617.83",22.4,"1514.47",NA,169,178,227,254,310,337,377,352,270
"Mauritania","N",941,"Mauritania (3)","Mauritania (941)","Sub-Saharan Africa",21.0079,"4636938",6,1,4363,129,7502,161,"1536.85",69.5,"4.27",NA,269,249,301,303,317.5,293.5,273,273,263.5
"Mauritius","S",268,"Mauritius (2.9)","Mauritius (268)","Sub-Saharan Africa",-20.348404,"1271577",143,5,341,10,381,10,"9681.62",23.7,"623.3",NA,NA,NA,NA,NA,NA,NA,NA,NA,NA
"Mexico","N",1755,"Mexico (12.3)","Mexico (1755)","Latin America & Caribbean",23.6345,"128803542",1215,29,226089,27769,743216,77646,"8744.52",38.8,"64.91",65.4,187.5,201.75,246.5,233,256.75,232,241,230.25,195.25
"Moldova","N",4117,"Moldova (3.3)","Moldova (4117)","Europe & Central Asia",47.4116,"4034794",353,4,16613,545,53042,1320,"2880.44",22.2,"94.26",NA,75,80,125,187,254,283,299,295,226
"Monaco","N",2626,"Monaco (3.9)","Monaco (2626)","Europe & Central Asia",43.7333,"39216",52,1,103,4,218,2,"170028.66",NA,"0",NA,149.8,158.9,185.5,210,248.1,281.1,329.3,296.7,224.7
"Mongolia","N",67,"Mongolia (0)","Mongolia (67)","East Asia & Pacific",46.8625,"3273095",12,0,220,0,313,0,"3660.15",48.1,"2.04",NA,179.1,204.8,265.2,262.5,299.3,269,249.3,258.3,245.7
"Montenegro","N",873,"Montenegro (2.2)","Montenegro (873)","Europe & Central Asia",42.708678,"628059",109,2,548,12,10772,169,"7028.66",27.3,"46.26",NA,123,126,170,194,251,276,340,314,252
"Morocco","N",340,"Morocco (1.8)","Morocco (340)","Middle East & North Africa",31.7917,"36868513",617,36,12533,228,123653,2194,"2896.72",40.8,"80.73",44.5,217.2333333,213.4333333,259.2333333,275.0666667,304.1333333,312.6666667,322.9,305.4333333,263.8
"Namibia","S",81,"Namibia (0)","Namibia (81)","Sub-Saharan Africa",-22.9576,"2536326",11,0,205,0,11265,121,"4523.09",61.8,"2.97",NA,320.5,277,297,289.5,307,298,315.5,332,320
"Nepal","N",466,"Nepal (0.2)","Nepal (466)","South Asia",28.1667,"29084694",5,0,13564,29,77817,498,"777.15",44.1,"195.94",NA,NA,NA,NA,NA,NA,NA,NA,NA,NA
"Netherlands","N",2947,"Netherlands (12.1)","Netherlands (2947)","Europe & Central Asia",21.40884,"17131422",12667,1040,50483,6132,125988,6457,"46007.85",24.4,"511.48",59.5,63,88,126,183,222,206,217,197,139
"New Zealand","S",305,"New Zealand (1.4)","New Zealand (305)","East Asia & Pacific",-40.9006,"5002100",647,1,1528,22,1848,25,"40105.61",30.3,"18.39",49.9,231.1666667,196.8,187.1,155.5666667,133.0333333,110.1,121.4333333,143.0333333,159.4666667
"Nicaragua","N",381,"Nicaragua (3.3)","Nicaragua (381)","Latin America & Caribbean",12.865416,"6616977",5,1,2519,83,5170,151,"2107.57",45.5,"53.73",NA,263.5,254.2,291.4,276,229.4,186,151.9,195.3,210
"Niger","N",45,"Niger (6.2)","Niger (45)","Sub-Saharan Africa",17.607789,"24110413",27,3,1075,67,1197,69,"498.1",104.1,"17.72",NA,297.6,263.2,269.7,252,279,267,257.3,235.6,235.6
"Nigeria","N",125,"Nigeria (2.3)","Nigeria (125)","Sub-Saharan Africa",9.082,"205612176",135,2,25694,590,58848,1112,"2176",80.9,"215.07",87.1,252.26,238.7,241.12,224.6,231.94,207,171.04,149.5,181.8
"Macedonia","N",3040,"Macedonia (4.8)","Macedonia (3040)","Europe & Central Asia",41.6086,"2083382",329,9,6334,302,17977,739,"5129.16",23.6,"82.59",NA,87,113,161,198,245,276,323,305,248
"Norway","N",1639,"Norway (2.8)","Norway (1639)","Europe & Central Asia",60.472,"5417258",4641,39,8879,250,14027,274,"70459.18",26.5,"14.55",65,20.66666667,54.66666667,110.6666667,161.6666667,208,220,206,175.6666667,107.3333333
"Oman","N",7867,"Oman (0.4)","Oman (7867)","Middle East & North Africa",21.512583,"5093172",192,1,40070,176,98585,935,"14618.73",30,"15.6",NA,268.6,244.8,278.3,292.5,347.4,325.7,277.7,278.6,303.9
"Pakistan","N",968,"Pakistan (2.1)","Pakistan (968)","South Asia",30.3753,"220462432",2118,27,213470,4395,312806,6484,"1368.45",57.2,"275.29",46.9,244.75,232.2,258.7,277,303.7,250.4,191.25,191.3,242.2
"Panama","N",7788,"Panama (1.9)","Panama (7788)","Latin America & Caribbean",8.538,"4308096",1181,30,33550,631,112595,2372,"14343.96",40.8,"56.19",NA,228.9,245.2,183.9,173.1,108.5,116.3,106.1,118.1,99.2
"Papua New Guinea","S",1,"Papua New Guinea (0)","Papua New Guinea (1)","East Asia & Pacific",-6.314993,"8930081",1,0,11,0,534,7,"2509.63",57.4,"19",NA,182,158,184,200,211,200,203,222,213
"Paraguay","S",312,"Paraguay (0.8)","Paraguay (312)","Latin America & Caribbean",-23.4425,"7124097",65,3,2221,17,40758,857,"5319.41",49.9,"17.51",NA,276,246,254,228,205,165,195,223,204
"Peru","S",8662,"Peru (3.4)","Peru (8662)","Latin America & Caribbean",-9.19,"32927196",1065,30,285213,9677,811768,32396,"6205",37.1,"24.99",NA,201.15,179.15,192.05,239,202.35,170.8,160,171.15,167.15
"Philippines","N",343,"Philippines (3.4)","Philippines (343)","East Asia & Pacific",12.879721,"109439758",2084,88,37514,1266,311694,5504,"3073.65",46.6,"357.69",NA,176.7,197.8,225.8,258,222.7,162,132.8,132.8,132
"Poland","N",909,"Poland (4.3)","Poland (909)","Europe & Central Asia",51.9194,"37850312",2311,33,34393,1463,91514,2513,"12447.44",23,"124.02",30.6,43,59,115,150,211,237,226,214,153
"Portugal","N",4132,"Portugal (3.7)","Portugal (4132)","Europe & Central Asia",39.3999,"10199336",7443,160,42141,1576,75542,1971,"19978.4",20.3,"112.26",NA,143,157,208,234,291,303,353,344,261
"Qatar","N",33407,"Qatar (0.1)","Qatar (33407)","Middle East & North Africa",25.3548,"2876244",781,2,96088,113,125760,214,"57163.08",16.1,"239.59",68.6,NA,NA,NA,NA,NA,NA,NA,NA,NA
"Romania","N",1401,"Romania (6.1)","Romania (1401)","Europe & Central Asia",45.9432,"19248782",2245,82,26970,1651,127572,4825,"9548.59",23.8,"84.63",NA,71,85,140,186,245,267,288,282,225
"Russia","N",4433,"Russia (1.4)","Russia (4433)","Europe & Central Asia",61.52401,"145928826",2337,17,646929,9306,1170799,20630,"8704.9",27.8,"8.82",39.7,74.5,108.3,178.9125,215.875,241.0125,242,253.6125,216,170.75
"Rwanda","S",79,"Rwanda (0.2)","Rwanda (79)","Sub-Saharan Africa",-1.9403,"12919074",75,0,1025,2,4840,29,"745.34",68.8,"498.66",NA,NA,NA,NA,NA,NA,NA,NA,NA,NA
"Saint Lucia","N",0,"#VALUE!","Saint Lucia (0)","Latin America & Caribbean",13.9094,"183550",0,0,0,0,0,0,"#NAME?",25,"#NAME?",NA,NA,NA,NA,NA,NA,NA,NA,NA,NA
"St. Vin. and Gren.","N",261,"St. Vin. and Gren. (0)","St. Vin. and Gren. (261)","Latin America & Caribbean",12.9843,"110908",1,0,29,0,64,0,"7075.07",32.1,"282.59",NA,NA,NA,NA,NA,NA,NA,NA,NA,NA
"San Marino","N",20575,"San Marino (6)","San Marino (20575)","Europe & Central Asia",43.9424,"33925",236,26,698,42,732,42,"43826.92",NA,"563.08",NA,NA,NA,NA,NA,NA,NA,NA,NA,NA
"Saudi Arabia","N",5490,"Saudi Arabia (0.9)","Saudi Arabia (5490)","Middle East & North Africa",23.885942,"34760671",1563,10,190823,1649,334605,4768,"19879.3",34.4,"15.68",29.8,239.5,246.1,257.15,262.15,288,302.1,282.3,273.95,272.3
"Senegal","N",407,"Senegal (1.6)","Senegal (407)","Sub-Saharan Africa",14.4974,"16697987",175,0,6793,112,14982,311,"1269.9",78.4,"82.35",NA,260,254.5,314,316.5,311.5,267.5,229.5,196,220
"Serbia","N",1666,"Serbia (1.9)","Serbia (1666)","Europe & Central Asia",44.0165,"8740460",900,16,14564,277,33551,749,"5765.2",23.4,"79.84",NA,89,117,170,195.5,257,1501.5,315,301.5,264.5
"Seychelles","S",824,"Seychelles (0)","Seychelles (824)","Sub-Saharan Africa",-4.6796,"98290",10,0,81,0,144,0,"15068.62",34.9,"210.35",72.9,NA,NA,NA,NA,NA,NA,NA,NA,NA
"Singapore","N",7511,"Singapore (0.1)","Singapore (7511)","East Asia & Pacific",1.2833,"5846018",926,3,43907,26,57765,27,"56828.3",16.5,"7953",NA,172.4,183.2,192.7,173.6,179.8,177.7,187.9,180.6,156.2
"Slovakia","N",305,"Slovakia (1.7)","Slovakia (305)","Europe & Central Asia",48.669,"5459404",363,0,1667,28,10141,48,"16508.67",23,"113.29",81.5,65,82,152,204,264,270,276,270,207
"Slovenia","N",770,"Slovenia (6.9)","Slovenia (770)","Europe & Central Asia",46.1512,"2078912",802,15,1600,111,5690,150,"21663.64",23.6,"102.96",NA,71,114,149,178,235,246,293,264,183
"Somalia","N",185,"Somalia (3.1)","Somalia (185)","Sub-Saharan Africa",5.152149,"15846666",5,0,2924,90,3588,99,"0",90.6,"23.92",NA,279,267,287.5,254.5,280,239.5,221,245.5,263.5
"South Africa","S",2553,"South Africa (1.8)","South Africa (2553)","Sub-Saharan Africa",-30.5595,"59236519",1353,5,151209,2657,674339,16734,"5272.92",43.8,"47.63",69,280.3666667,247.1,257.2333333,242.85,257.4,243.0666667,259.8,267.0666667,256.8333333
"Spain","N",5332,"Spain (11.4)","Spain (5332)","Europe & Central Asia",40.463667,"46753147",95923,8464,249271,28355,769188,31791,"26505.34",21.9,"93.68",45,156.6666667,164.75,207.6666667,226.75,265.5,291.8333333,320.3333333,295.8333333,233.9166667
"Sri Lanka","N",96,"Sri Lanka (0.5)","Sri Lanka (96)","South Asia",7.873054,"21404986",143,2,2047,11,3380,13,"3886.29",36.4,"345.56",54.2,NA,NA,NA,NA,NA,NA,NA,NA,NA
"Sudan","N",212,"Sudan (6.2)","Sudan (212)","Sub-Saharan Africa",12.8628,"43744402",7,2,9257,572,13640,836,"1299.26",70.4,"0",NA,277.5,270.5,296,321,319,304.5,293,288.5,300
"Suriname","N",879,"Suriname (2.5)","Suriname (879)","Latin America & Caribbean",3.9193,"586135",9,0,515,13,4877,104,"5539.12",40.3,"3.69",NA,NA,NA,NA,NA,NA,NA,NA,NA,NA
"Sweden","N",6730,"Sweden (8.1)","Sweden (6730)","Europe & Central Asia",60.128161,"10093401",4834,385,67924,5515,92863,5893,"51965.16",28.4,"24.98",68.7,44,73.5,143,193,275,289,272.5,233,166
"Switzerland","N",3667,"Switzerland (6.2)","Switzerland (3667)","Europe & Central Asia",46.8182,"8648693",16605,433,31714,1963,53282,2074,"80172.23",22.7,"215.47",46,48,77,125,159,186,204,230,208,151
"Taiwan","N",19,"Taiwan (1.6)","Taiwan (19)","East Asia & Pacific",23.7,"23812861",322,5,447,7,514,7,"#NAME?",17.8,"#NAME?",NA,143.9666667,125.9,142.1666667,139.8333333,156.9666667,160.5666667,200,187.1,168.4
"Tanzania","S",9,"Tanzania (4.1)","Tanzania (9)","Sub-Saharan Africa",-6.369028,"59555005",19,1,509,21,509,21,"966.47",81,"63.58",67.2,239.95,229.875,222.7,200.75,241,262,284.25,272.4,277.25
"Thailand","N",45,"Thailand (1.8)","Thailand (45)","East Asia & Pacific",15.870032,"69784013",1651,10,3171,58,3569,59,"5994.23",23.5,"135.9",79.4,238.625,221.4,237.75,216.425,171.125,139.75,131.3,127.65,128.725
"Togo","N",79,"Togo (2.2)","Togo (79)","Sub-Saharan Africa",8.6195,"8258842",34,1,650,14,1784,48,"597.47",72,"145.05",NA,251.25,234,248.95,221.45,234.8,182.5,154.8,139.9,156.75
"Trinidad and Tobago","N",93,"Trinidad and Tobago (6.2)","Trinidad and Tobago (93)","Latin America & Caribbean",10.6918,"1399073",87,3,130,8,4531,76,"16176.95",29.3,"270.93",NA,NA,NA,NA,NA,NA,NA,NA,NA,NA
"Tunisia","N",99,"Tunisia (4.3)","Tunisia (99)","Middle East & North Africa",33.886917,"11806826",394,10,1174,50,18413,265,"3697.93",36.3,"74.44",45,182.9,190.45,224.75,246,297.6,315,364.25,341,268.5
"Turkey","N",2373,"Turkey (2.6)","Turkey (2373)","Europe & Central Asia",38.9637,"84252379",13531,214,199906,5131,318663,8195,"10895.32",35.7,"106.96",42.3,74.25,93.45,147.1,184.5,255.7,303,336.15,311.8,259.5
"Uganda","N",20,"Uganda (0)","Uganda (20)","Sub-Saharan Africa",1.373333,"45586273",44,0,889,0,8129,75,"733.43",88.5,"213.06",82.5,235.5,198.5,197,187.5,189.5,187.5,168.5,181.5,176
"Ukraine","N",1034,"Ukraine (2.6)","Ukraine (1034)","Europe & Central Asia",48.3794,"43756559",645,17,45254,1173,214446,4221,"2187.73",23.8,"77.03",26.9,31,57,124,180,279,270,310,248,210
"United Arab Emirates","N",4926,"United Arab Emirates (0.6)","United Arab Emirates (4926)","Middle East & North Africa",23.424076,"9878903",664,6,48667,315,94190,419,"38141.85",17.7,"135.61",NA,NA,NA,NA,NA,NA,NA,NA,NA,NA
"United Kingdom","N",4203,"United Kingdom (14.2)","United Kingdom (4203)","Europe & Central Asia",24.54817255,"67852992",38815,2457,285216,40479,455846,42233,"41064.13",27.8,"274.71",47.4,58,78.5,115,157,193.5,185,192,183.5,139
"Uruguay","S",270,"Uruguay (2.9)","Uruguay (270)","Latin America & Caribbean",-32.5228,"3472627",338,1,936,27,2046,48,"15387.14",31.5,"19.71",NA,294.9,230.6,222.8,179.6,164.2,129.7,139.7,164.4,182.3
"United States of America","N",7956,"United States of America (4.9)","United States of America (7956)","North America",40,"330822304",192177,5278,2631894,127831,7222881,207227,"57951.58",28.3,"35.71",NA,NA,NA,NA,NA,NA,NA,NA,NA,NA
"Uzbekistan","N",254,"Uzbekistan (0.3)","Uzbekistan (254)","Europe & Central Asia",41.377491,"33421893",172,2,8503,26,56717,470,"2567.8",43.4,"77.47",NA,117.8,127.1,164.3,216,303.8,363,384.4,365.8,300
"Venezuela","N",205,"Venezuela (0.9)","Venezuela (205)","Latin America & Caribbean",6.4238,"28443061",135,3,5832,51,75122,628,"0",42.1,"32.73",NA,264.7,248.25,260.8,220,212.95,218,255.9,248,242.75
"Vietnam","N",4,"Vietnam (0)","Vietnam (4)","East Asia & Pacific",14.058324,"97255746",212,0,355,0,1094,35,"2192.21",33.6,"308.13",80.6,178.25,168,190.5,185,203.5,182.25,196.25,175,161.75
"Zambia","S",87,"Zambia (1.5)","Zambia (87)","Sub-Saharan Africa",-13.133897,"18329866",35,0,1594,24,14759,332,"1280.58",81.7,"23.34",NA,180.8333333,168.9333333,221.1333333,254,286.2333333,278,300.7,306.9,289
"Zimbabwe","S",40,"Zimbabwe (0)","Zimbabwe (40)","Sub-Saharan Africa",-19.015438,"14841813",8,0,591,0,7838,0,"1464.58",76.1,"37.32",100,230.95,201.6,241.8,250.5,274.35,265.5,283.65,300.7,291
"Dominica","N",250,"Dominica (0)","Dominica (250)","Latin America & Caribbean",15.415,"71970",12,0,18,0,30,0,"8080.97",42.2,"95.5",NA,NA,NA,NA,NA,NA,NA,NA,NA,NA
"Grenada","N",204,"Grenada (0)","Grenada (204)","Latin America & Caribbean",12.1165,"112475",9,0,23,0,24,0,"9628.35",35.8,"327.81",NA,NA,NA,NA,NA,NA,NA,NA,NA,NA
"Mozambique","S",29,"Mozambique (0.7)","Mozambique (29)","Sub-Saharan Africa",-18.665695,"31163434",8,0,889,6,8728,61,"428.93",83,"37.51",NA,248,226,248,240,248,240,248,248,248
"Syria","N",16,"Syria (3.2)","Syria (16)","Middle East & North Africa",34.802075,"17456890",10,2,279,9,4200,200,"#NAME?",47.8,"#NAME?",24.7,NA,NA,NA,NA,NA,NA,NA,NA,NA
"Timor-Leste","S",18,"Timor-Leste (0)","Timor-Leste (18)","East Asia & Pacific",-8.874217,"1315933",1,0,24,0,28,0,"1353.75",78.7,"85.27",NA,NA,NA,NA,NA,NA,NA,NA,NA,NA
"Belize","N",60,"Belize (8.3)","Belize (60)","Latin America & Caribbean",17.1899,"396910",3,0,24,2,1992,27,"4818.4",44.4,"16.79",NA,NA,NA,NA,NA,NA,NA,NA,NA,NA
"Laos","N",3,"Laos (0)","Laos (3)","East Asia & Pacific",19.85627,"7265262",9,0,19,0,23,0,"2308.8",50.1,"30.6",NA,NA,NA,NA,NA,NA,NA,NA,NA,NA
"Libya","N",120,"Libya (2.9)","Libya (120)","Middle East & North Africa",26.3351,"6862224",10,0,824,24,34525,551,"4035.19",41,"3.8",52.8,192.9,203,234.75,251,317.15,319.5,378.65,358.9,279.5
NA,"N",NA,"NA (0.3)","#VALUE!","Middle East & North Africa",31.9522,NA,119,1,2428,8,39899,311,"3527.61",NA,"758.98",NA,NA,NA,NA,NA,NA,NA,NA,NA,NA
"Guinea-Bissau","N",842,"Guinea-Bissau (1.5)","Guinea-Bissau (842)","Sub-Saharan Africa",11.8037,"1963230",8,0,1654,24,2324,39,"661.46",76,"66.65",85.3,248,226,279,270,248,210,186,155,180
"Mali","N",108,"Mali (5.3)","Mali (108)","Sub-Saharan Africa",17.570692,"20189289",28,2,2181,116,3118,131,"780.72",93.1,"15.64",NA,277.7666667,259.5333333,276.6666667,249.3333333,263.9666667,244.7666667,239.7333333,232.2,237.5333333
"St. Kitts and Nevis","N",282,"St. Kitts and Nevis (0)","St. Kitts and Nevis (282)","North America",17.357822,"53164",8,0,15,0,19,0,"18810.49",NA,"201.68",NA,NA,NA,NA,NA,NA,NA,NA,NA,NA
"Kosovo","N",NA,"Kosovo (1.8)","#VALUE!","Europe & Central Asia",42.602636,NA,106,1,2799,49,15620,625,"3780",NA,"0",NA,NA,NA,NA,NA,NA,NA,NA,NA,NA
"Myanmar","N",5,"Myanmar (2)","Myanmar (5)","East Asia & Pacific",21.9162,"54375747",15,1,299,6,13373,310,"1266.55",37.3,"82.24",NA,NA,NA,NA,NA,NA,NA,NA,NA,NA
"Botswana","S",97,"Botswana (0.4)","Botswana (97)","Sub-Saharan Africa",-22.3285,"2346847",4,1,227,1,3172,16,"7243.87",53.8,"3.98",77.1,273.5333333,249.5,278.1333333,274.8333333,303.4,288.6666667,307.1333333,321.5333333,309.4666667
"Burundi","S",14,"Burundi (0.6)","Burundi (14)","Sub-Saharan Africa",-3.3731,"11853218",2,0,170,1,508,1,"282.19",86.4,"435.18",NA,167.4,158.2,176.7,165,210.8,255,272.8,251.1,213
"Sierra Leone","N",184,"Sierra Leone (4.1)","Sierra Leone (184)","Sub-Saharan Africa",8.460555,"7960641",1,0,1462,60,2231,72,"501.42",71.1,"105.99",NA,NA,NA,NA,NA,NA,NA,NA,NA,NA
"Malawi","S",64,"Malawi (1.1)","Malawi (64)","Sub-Saharan Africa",-13.2543,"19078629",0,0,1224,14,5773,179,"315.78",79.1,"192.44",86,173.6,164.9666667,196.3333333,210,243.8666667,240,252,281.0666667,288
"S. Sudan","N",179,"S. Sudan (1.9)","S. Sudan (179)","Sub-Saharan Africa",6.877,"11181121",0,0,2007,38,2704,49,"0",74.7,"0",51.1,294.5,253.75,240.25,211.5,248,231,179.8,203.05,217.5
"W. Sahara","N",0,"#VALUE!","W. Sahara (0)","Sub-Saharan Africa",24.2155,"595825",0,0,0,0,0,0,"#NAME?",39.2,"#NAME?",NA,NA,NA,NA,NA,NA,NA,NA,NA,NA
"São Tomé and Principe","N",3264,"Sao Tome and Principe (1.8)","São Tomé and Principe (3264)","Sub-Saharan Africa",0.1864,"218753",0,0,714,13,911,15,"1700.05",75.6,"219.82",NA,NA,NA,NA,NA,NA,NA,NA,NA,NA
"Yemen","N",39,"Yemen (26.9)","Yemen (39)","Middle East & North Africa",15.552727,"29759172",0,0,1158,312,2034,587,"1138.68",66.7,"53.98",NA,NA,NA,NA,NA,NA,NA,NA,NA,NA
"Comoros","S",349,"Comoros (2.3)","Comoros (349)","Sub-Saharan Africa",-11.6455,"867725",0,0,303,7,479,7,"1273.06",67.4,"447.24",NA,NA,NA,NA,NA,NA,NA,NA,NA,NA
"Tajikistan","N",620,"Tajikistan (0.9)","Tajikistan (620)","Europe & Central Asia",38.861,"9515811",0,0,5900,52,9769,76,"802.52",62.6,"65.57",NA,NA,NA,NA,NA,NA,NA,NA,NA,NA
"Lesotho","S",13,"Lesotho (0)","Lesotho (13)","Sub-Saharan Africa",-29.61,"2140653",0,0,27,0,1595,36,"1043.57",51.3,"69.44",NA,NA,NA,NA,NA,NA,NA,NA,NA,NA
"Greenland","N",0,"Greenland (0)","Greenland (8)","Europe & Central Asia",71.7069,"2140653",0,0,0,0,0,0,"48181.87",NA,"0.14",NA,NA,NA,NA,NA,NA,NA,NA,NA,NA
